<?xml version='1.0' encoding='UTF-8'?>
<SemiconductorLibrary xmlns="http://www.plexim.com/xml/semiconductors/" version="1.1">
  <Package class="Diode" vendor="UnitedSiC" partnumber="UF3C065040T3S">
    <Variables />
    <SemiconductorData type="Diode">
      <TurnOnLoss>
        <ComputationMethod>Table only</ComputationMethod>
        <CurrentAxis>0</CurrentAxis>
        <VoltageAxis>0 400.0</VoltageAxis>
        <TemperatureAxis>-55 25 175</TemperatureAxis>
        <Energy scale="1e-6">
          <Temperature>
            <Voltage>0</Voltage>
            <Voltage>0</Voltage>
          </Temperature>
          <Temperature>
            <Voltage>0</Voltage>
            <Voltage>0</Voltage>
          </Temperature>
          <Temperature>
            <Voltage>0</Voltage>
            <Voltage>0</Voltage>
          </Temperature>
        </Energy>
      </TurnOnLoss>
      <TurnOffLoss>
        <ComputationMethod>Table only</ComputationMethod>
        <CurrentAxis>0</CurrentAxis>
        <VoltageAxis>0 400.0</VoltageAxis>
        <TemperatureAxis>-55 25 175</TemperatureAxis>
        <Energy scale="1e-6">
          <Temperature>
            <Voltage>0</Voltage>
            <Voltage>0</Voltage>
          </Temperature>
          <Temperature>
            <Voltage>0</Voltage>
            <Voltage>0</Voltage>
          </Temperature>
          <Temperature>
            <Voltage>0</Voltage>
            <Voltage>0</Voltage>
          </Temperature>
        </Energy>
      </TurnOffLoss>
      <ConductionLoss>
        <ComputationMethod>Table only</ComputationMethod>
        <CurrentAxis>1.2 9.1 16.9 24.8 32.6 40.5 48.3 56.1 64.0 71.8 79.7 87.5</CurrentAxis>
        <TemperatureAxis>-55 25 175</TemperatureAxis>
        <VoltageDrop scale="1">
          <Temperature>0.9377673741920001 1.291735920956 1.641223853204 1.995192399968 2.344680332216 2.6986488789800003 3.048136811228 3.3976247434760003 3.7515932902400007 4.101081222488 4.4550497692520015 4.8045377015</Temperature>
          <Temperature>0.7904 1.1222 1.4498 1.7816 2.1092000000000004 2.441 2.7686 3.0962000000000005 3.428 3.7556 4.0874000000000015 4.415</Temperature>
          <Temperature>0.559168182992 1.146192054356 1.725785243804 2.3128091151679997 2.892402304616001 3.4794261759800005 4.059019365428 4.638612554876 5.22563642624 5.805229615688001 6.392253487052001 6.971846676499999</Temperature>
        </VoltageDrop>
      </ConductionLoss>
    </SemiconductorData>
    <ThermalModel>
      <Branch type="Foster">
        <RTauElement R="0.04921337062768909" Tau="4.193056545133538e-05" />
        <RTauElement R="0.1303638115627628" Tau="0.006383340296083541" />
        <RTauElement R="0.14428946445197835" Tau="0.005533917550587874" />
        <RTauElement R="0.1473096055263197" Tau="0.0006110480686917087" />
      </Branch>
    </ThermalModel>
  </Package>
</SemiconductorLibrary>
